{"cameraMode":{"drawMode":0,"name":"Shaded","section":"Shading Mode"},"sceneLighting":true,"audioPlay":false,"sceneViewState":{"showFog":true,"showMaterialUpdate":false,"showSkybox":true,"showFlares":true,"showImageEffects":true,"showParticleSystems":true},"in2DMode":false,"pivot":{"x":-7.2527313232421879,"y":20.403018951416017,"z":6.674930572509766},"rotation":{"x":0.12047069519758225,"y":0.12947173416614533,"z":-0.015851235017180444,"w":0.9841123819351196},"size":10.0,"orthographic":false}