{"cameraMode":{"drawMode":0,"name":"Shaded","section":"Shading Mode"},"sceneLighting":true,"audioPlay":false,"sceneViewState":{"showFog":true,"showMaterialUpdate":false,"showSkybox":true,"showFlares":true,"showImageEffects":true,"showParticleSystems":true},"in2DMode":false,"pivot":{"x":0.2977907657623291,"y":2.9035298824310304,"z":5.319229602813721},"rotation":{"x":0.007457951549440622,"y":-0.9710730314254761,"z":0.030599350109696389,"w":0.23672302067279817},"size":2.1073949337005617,"orthographic":false}